<?xml version="1.0" encoding="UTF-8" standalone="yes"?>
<addon id="plugin.video.masteraniredux" name="Masterani Redux" version="1.1.6" provider-name="Wilson Magic">
    <requires>
        <import addon="xbmc.python" version="2.1.0"/>
        <import addon="script.module.metahandler" version="1.0.0" />
		<import addon="script.module.resolveurl" version="5.0.13" />
        <import addon="script.module.pyxbmct" />
		<import addon="script.module.requests"/>
    </requires>
    <extension point="xbmc.python.pluginsource" library="default.py">
        <provides>video</provides>
    </extension>
    <extension point="xbmc.addon.metadata">
        <summary lang="en">Masterani Redux</summary>
        <description lang="en">Play Anime from Masterani.me. Please note that this addon is not developed by the authors of Masterani.[CR][CR]This content does not support the original creators of the animes you can view, if you wish to support the original creators, then please use Crunchyroll, Funimation or other similar services. </description>
        <disclaimer>Addon by Alleidun, SirTakoyaki and Wilson Magic. The author does not host or distribute any of the content displayed by this addon.</disclaimer>
        <platform>all</platform>
		<license>GNU GENERAL PUBLIC LICENSE. Version 3, 29 June 2007</license>
		<forum>https://www.reddit.com/r/Addons4Kodi/</forum>
		<website>https://www.masterani.me/</website>
		<source>https://www.masterani.me/</source>
		<disclaimer lang="en">The author of this addon do not host any of the content which is found and have no affiliation with any of the content providers. This addon simply searches websites for content. Use at your own risk!</disclaimer>
		<assets>
			<icon>icon.png</icon>
			<fanart>fanart.jpg</fanart>
            <screenshot>resources/screenshots/screenshot-01.jpg</screenshot>
            <screenshot>resources/screenshots/screenshot-02.jpg</screenshot>
            <screenshot>resources/screenshots/screenshot-03.jpg</screenshot>
    	</assets>
    </extension>
</addon>